tree_id,genus,species,dbh_dest_cm,height_dest_m,agb_dest_kg,wsg_ind_kg_m3,volume_total_dest_m3,volume_stem_dest_m3,dbh_tls_cm,height_tls_m,volume_total_reference_qsm_m3
1,Pentaclethra,macrophylla,34,24.9,358.3105718,377.534167,1.013191367,0.726815511,34.1,23.576,1.08240989
2,Triplochiton,scleroxylon,134.5,43.1,18407.35099,429.883333,46.23429946,24.7060564,120.9,52.892,48.86788748
3,Petersianthus,macrocarpus,48.5,25,1226.202463,507.908824,2.349678543,0.849876595,64.6,27.624,2.673410538
4,Pycnanthus,angolensis,14,9.7,26.284798,337.341818,0.074976103,0.053816082,11.2,8.794,0.089170001
5,Terminalia,superba,107,53,15836.77709,553.499333,28.96033207,15.87786584,104.3,51.458,29.44521628
6,Triplochiton,scleroxylon,165,57.5,37522.80806,458.812308,70.565688,29.62489934,165.5,49.773,76.75846086
7,Annickia,chlorantha,39.5,37.84,818.7740415,432.915714,1.890680379,1.50517342,35.6,35.506,2.116158391
8,Terminalia,superba,113.5,47.5,23654.39081,553.056667,41.88366383,12.37868585,112.6,49.179,35.12998968
11,Entandrophragma,cylindricum,17.75,15.6,109.8975531,527.326429,0.197721467,0.143541964,17.2,16.973,0.179057411
12,Triplochiton,scleroxylon,180.3,54.2,43939.24162,458.860769,92.85518422,36.10921097,186.6,52.851,98.01173148
15,Petersianthus,macrocarpus,44.3,35.6,1707.944255,513.376471,3.16679139,1.727147839,53.3,34.52,3.014942328
18,Terminalia,superba,70.5,44.5,5739.651291,511.575333,11.55601181,5.497262419,69,43.65,10.98241599
28,Petersianthus,macrocarpus,33.5,21.71,354.431195,541.573571,0.628963838,0.445194743,32.4,20.633,0.541055043
29,Baphia,leptobotrys,33.2,23.8,1343.793819,807.287647,1.618067531,0.28028316,33.3,16.573,1.110531044
31,Petersianthus,macrocarpus,74.5,43.3,5962.300635,588.698,10.05328312,4.198676575,56.9,42.72,9.002572234
32,Terminalia,superba,48.5,39.7,1989.37199,521.651765,3.966902611,2.041359419,50.6,38.4,3.582421084
52,Pycnanthus,angolensis,37,29.5,553.7022546,378.130588,1.510943246,0.893175827,36.6,29.859,1.286476139
54,Mansonia,altissima,25.3,22.9,275.1388187,491.44,0.544868033,0.345166729,24.9,22.313,0.518817059
55,Triplochiton,scleroxylon,26.8,24.2,317.4654672,360.867857,0.895639839,0.594181075,25.4,27.487,0.849716412
57,Erythrophleum,suaveolens,98.8,36.8,11859.774,736.309231,16.29815045,10.11414787,101.3,34.945,17.90790437
59,Terminalia,superba,13,16.5,51.97969192,398.478571,0.123978987,0.069979259,12.52,16.27,0.179430172
60,Erythrophleum,suaveolens,120.5,44.5,26846.57998,785.673571,34.6133393,14.28542263,119.6,46.907,34.5806896
61,Cylicodiscus,gabunensis,13.5,17.42,88.0738972,579.47,0.169082185,0.114209629,13.3,17.608,0.130043862
62,Cylicodiscus,gabunensis,27,26.8,531.2305837,613.583571,0.8311287,0.606754637,26.7,26.499,0.875371836
63,Cylicodiscus,gabunensis,90.5,45.2,15510.33896,732.858462,20.73617688,11.27083807,116.6,43.684,21.27397851
64,Cylicodiscus,gabunensis,159.5,60.15,43945.34804,504.333529,87.81657193,25.93654195,161.3,53.624,67.38424293
65,Cylicodiscus,gabunensis,44.5,37,2027.076387,617.790588,3.650214716,1.901883166,43.7,34.573,3.264211062
66,Erythrophleum,suaveolens,61.5,28.25,3744.21461,685.531177,5.888525447,3.631108284,61.9,31.098,6.515259595
67,Eribroma,oblongum,100.8,56.2,17886.05228,612.16,28.18337612,8.201424372,105.6,46.594,26.85852268
68,Erythrophleum,suaveolens,22.1,27.2,361.0707988,812.520714,0.449829207,0.294387154,21.9,26.437,0.466374107
69,Duboscia,macrocarpa,26.5,17.3,358.7278866,518.15,0.677664493,0.088127628,26.3,17.027,0.582064488
70,Triplochiton,scleroxylon,96.3,49.8,10020.23835,444.504667,22.32094375,10.98102636,97.3,48.77,23.97088546
71,Annickia,chlorantha,21.8,24.25,280.4194784,438.735714,0.648457339,0.415667249,21.5,24.435,0.531050596
72,Annickia,chlorantha,11.3,13.05,39.9776479,417.693571,0.094574498,0.053491085,10.8,12.639,0.090537583
73,Pterocarpus,soyauxii,11.6,15.05,44.8047956,519.948571,0.084598785,0.051954031,11.1,12.409,0.102102768
74,Erythrophleum,suaveolens,51.3,36.2,3195.143955,673.886471,4.563482263,1.982042859,51.2,34.671,5.746630631
75,Pterocarpus,soyauxii,61,42.2,4448.802634,599.828824,7.516536544,4.998669208,60,43.406,7.811685027
76,Pycnanthus,angolensis,44,32.3,1011.021606,410.997059,2.51559292,1.930916987,43.1,32.496,2.755179214
79,Eribroma,oblongum,48.1,33.7,2033.110097,548.627059,3.950109023,2.456940335,44,33.358,3.735399313
80,Pycnanthus,angolensis,56.3,26.3,1737.666831,398.077647,4.066607032,2.317587418,55.5,33.565,4.550516391
83,Pterocarpus,soyauxii,28,37.9,818.9886213,564.293571,1.539737341,1.287992603,27.44,34.89,1.416569264
85,Terminalia,superba,59,40.7,3069.012105,440.615882,6.887873891,4.589644263,53.93,41.54,6.606683926
87,Petersianthus,macrocarpus,14.7,13.45,53.10262644,474.773571,0.106026726,0.058050613,13.43,11.61,0.084404332
88,Macaranga,barteri,32.8,27.1,592.524124,370.497059,1.613219984,0.493595401,33.79,26.62,1.424153217
89,Mansonia,altissima,61.4,39.4,3699.126985,500.776471,7.169822965,4.941416661,60.69,40.27,8.09802998
91,Pterocarpus,soyauxii,56.1,43.2,4621.817584,577.816471,8.014521177,4.197418436,57.81,40.87,7.992884491
92,Baphia,leptobotrys,67,30.6,3120.717458,765.458235,3.826888013,1.112941739,84.74,31.18,4.845003668
93,Terminalia,superba,38,34.7,1106.880608,474.951429,2.469724973,1.85460778,39.97,34.15,2.5491089
94,Mansonia,altissima,54.1,47,2631.090526,487.422941,5.24582156,3.962266947,52.3,42.57,4.925408098
95,Petersianthus,macrocarpus,20.4,16,125.0185709,566.607143,0.209831728,0.123131564,22.42,11.15,0.068102684
96,Pterocarpus,soyauxii,50.5,49.2,3099.959346,598.936471,5.160148826,3.822740332,59.81,49.41,5.491178021
97,Terminalia,superba,80.5,48.3,7604.991211,549.67,13.88695138,8.231881302,80.75,43.19,14.44854511
98,Pterocarpus,soyauxii,82,50.7,9477.454878,606.818667,15.26064177,7.914259635,83.23,48.98,16.03290827
99,Triplochiton,scleroxylon,108.5,49.7,12534.7165,449.448667,27.88579334,12.71394196,113.88,51.11,28.1500804
100,Entandrophragma,cylindricum,153.4,47.3,43235.09106,637.154,66.77984233,14.2233069,89.8,44.75,68.11233642
101,Baphia,leptobotrys,51,26,2722.476765,754.58,3.290804889,0.704103742,60.97,28.12,4.036499035
102,Eribroma,oblongum,17.8,21.8,126.2296913,490.795,0.266379602,0.194054446,17.43,22.26,0.245989484
103,Terminalia,superba,74.6,42.6,6613.069342,556.668,12.19823834,6.726132435,74.21,45.01,11.64674835
104,Duboscia,macrocarpa,98.5,40.6,4177.124364,490.922941,8.150964331,2.649788214,35.01,39.98,11.03302065
105,Eribroma,oblongum,21.5,24.8,269.8480747,517.512857,0.526954483,0.305740811,21.05,25.52,0.53941538
106,Macaranga,barteri,26.7,29.4,289.7169768,366.6,0.85016816,0.525035747,25.33,28.4,0.77904674
